name,class,var_label,value_labels_text,n,n_nonmiss,pct_missing,n_unique,min,max,top_values
BES_1,numeric,"Overate: 1- not at all, 2, 3, 4, 5- extremely",5=extremely,2834,1284,54.69,5,1,5,1 (476); 3 (254); 2 (242); 4 (172); 5 (140)
BES_2,numeric,"Ate excessive amount of food: 1- not at all, 2, 3, 4, 5- extremely",5=extremely,2834,1284,54.69,5,1,5,1 (488); 2 (249); 3 (246); 5 (153); 4 (148)
BES_3,numeric,"Loss of control: 1- not at all, 2, 3, 4, 5- extremely",5=extremely,2834,1284,54.69,5,1,5,1 (485); 2 (267); 3 (221); 4 (179); 5 (132)
BES_4,numeric,"could not resist eating: 1- not at all, 2, 3, 4, 5- extremely",5=extremely,2834,1284,54.69,5,1,5,1 (424); 2 (280); 3 (253); 4 (176); 5 (151)
BES_5,numeric,"could not stop eating once started: 1- not at all, 2, 3, 4, 5- extremely",5=extremely,2834,1284,54.69,5,1,5,1 (428); 2 (308); 3 (220); 4 (193); 5 (135)
BES_6,numeric,"feel driven or compelled to eat: 1- not at all, 2, 3, 4, 5- extremely",5=extremely,2834,1284,54.69,5,1,5,1 (368); 3 (279); 4 (240); 2 (235); 5 (162)
BMI,numeric,body mass index,NA,2834,2799,1.24,67,19.045610425240056,64.64064552448865,29.2916666666667 (462); 31.0491666666667 (71); 33.5877777777778 (70); 38.8802040816327 (70); 31.3210069057697 (66)
Completed_Session,numeric,"1- yes, 0-no",1=yes; 0=no,2834,2834,0,2,0,1,1 (2109); 0 (725)
Completed_Session_sum,numeric,total number of completed EMA sessions,NA,2834,2834,0,25,5,35,29 (281); 27 (280); 33 (245); 26 (233); 30 (175)
Day,numeric,day of EMA prompting,NA,2834,2146,24.28,7,1,7,1 (438); 2 (425); 3 (393); 4 (353); 5 (304)
Did_you_eat,numeric,"Did you eat in the past two hours? IF no, they did not see BES_1 through BES_6",NA,2834,2113,25.44,2,0,1,1 (1285); 0 (828)
LifePak_DownloadNo,numeric,Number downloaded from Life Pack App,NA,2834,2834,0,3,1,3,1 (2620); 2 (170); 3 (44)
Notification_No,numeric,Notification Number,NA,2834,2834,0,35,1,35,1 (88); 2 (88); 3 (87); 4 (87); 5 (87)
Nsre_1sq,numeric,Normal Score of sre_1sq using Blom's Formula,NA,2834,1284,54.69,335,-3.021297303057927,3.299650164848274,-0.612842268984638 (41); 0.351687542576192 (30); -0.357889586756491 (28); 0.168714392880992 (22); 0.821391963529674 (21)
Nsre_2sq,numeric,Normal Score of sre_2sq using Blom's Formula,NA,2834,2113,25.44,284,-2.9732778569440756,3.2739122763143937,0.816831462432051 (90); 0.6475658929792 (51); -0.691180726900159 (40); -1.26165959381857 (37); 0.122014608963993 (37)
PRE_1,numeric,Unstandardized Predicted Value for SC based on BE,NA,2834,1284,54.69,25,2.5853270610437726,3.742441671220506,3.74244167122051 (255); 3.16388436613214 (84); 3.45316301867632 (78); 2.58532706104377 (61); 3.54958923619105 (58)
PRE_2,numeric,Unstandardized Predicted Value for SC based on WBIS,NA,2834,2113,25.44,19,2.575579917873549,4.016662998454663,4.01666299845466 (223); 2.57557991787355 (219); 3.53630197159429 (138); 3.05594094473392 (134); 3.29612145816411 (130)
PerceivedStress_1,numeric,"""1- Not at all 2- A little 3- Quite a bit 4- Extremely""",1=Not at all; 2=A little; 3=Quite a bit; 4=Extremely,2834,2112,25.48,4,1,4,2 (643); 3 (637); 4 (620); 1 (212)
PerceivedStress_2,numeric,"""1- Not at all 2- A little 3- Quite a bit 4- Extremely""",1=Not at all; 2=A little; 3=Quite a bit; 4=Extremely,2834,2111,25.51,4,1,4,3 (686); 2 (616); 4 (610); 1 (199)
RES_1,numeric,Unstandardized Residual for SC based on BE,NA,2834,1284,54.69,335,-2.742441671220506,2.2700336126841356,1.25755832877949 (41); 0.257558328779494 (30); 1.05755832877949 (28); 0.457558328779494 (22); -0.342441671220506 (21)
RES_2,numeric,Unstandardized Residual for SC based on WBIS,NA,2834,2113,25.44,284,-2.2166629984546633,2.424420082126451,0.0244200821264511 (90); 0.183337001545337 (51); -0.296121458164106 (40); -0.255940944733921 (37); -0.0157604313037352 (37)
Redcap_ID,numeric,REDCAP ID ****This starts the baseline survey info.,NA,2834,2834,0,84,1,391,180 (70); 173 (37); 359 (36); 1 (35); 5 (35)
Reminders_Delivered,numeric,Reminders sent from LifeData,NA,2834,2834,0,2,0,1,0 (1853); 1 (981)
Responded,numeric,"1- yes, 0-no",1=yes; 0=no,2834,2834,0,2,0,1,1 (2146); 0 (688)
SC_1,numeric,EMA assessed self-compassion item 1,NA,2834,2128,24.91,5,1,5,4 (740); 3 (475); 5 (472); 2 (344); 1 (97)
SC_2,numeric,EMA assessed self-compassion item 2,NA,2834,2127,24.95,5,1,5,4 (550); 2 (532); 5 (367); 3 (363); 1 (315)
SC_2R,numeric,EMA assessed self-compassion REVERSED SCORED item 1,NA,2834,2127,24.95,5,1,5,2 (550); 4 (532); 1 (367); 3 (363); 5 (315)
SC_3,numeric,EMA assessed self-compassion item 3,NA,2834,2123,25.09,5,1,5,4 (622); 5 (492); 2 (442); 3 (419); 1 (148)
SC_4,numeric,EMA assessed self-compassion item 4,NA,2834,2120,25.19,5,1,5,4 (571); 2 (569); 1 (413); 3 (329); 5 (238)
SC_4R,numeric,EMA assessed self-compassion REVERSED SCORED item 4,NA,2834,2120,25.19,5,1,5,2 (571); 4 (569); 5 (413); 3 (329); 1 (238)
SC_5,numeric,EMA assessed self-compassion item 5,NA,2834,2119,25.23,5,1,5,4 (795); 5 (512); 3 (451); 2 (302); 1 (59)
SC_6,numeric,EMA assessed self-compassion item 6,NA,2834,2116,25.34,5,1,5,2 (564); 4 (554); 1 (396); 5 (353); 3 (249)
SC_6R,numeric,EMA assessed self-compassion REVERSED SCORED item 6,NA,2834,2116,25.34,5,1,5,4 (564); 2 (554); 5 (396); 1 (353); 3 (249)
SC_WPC,numeric,NA,NA,2834,2128,24.91,582,-2.1411764705882357,1.6967741935483862,0 (65); 0.0102564102564111 (30); 0.0206896551724132 (26); -0.0533333333333328 (25); -0.142857142857143 (23)
SCt1,numeric,NA,NA,2834,1395,50.78,480,-2.1411764705882357,1.6967741935483862,0 (47); 0.0102564102564111 (22); -0.0533333333333328 (19); -0.0484848484848492 (19); 0.0206896551724132 (19)
SES_high,numeric,"1-high, 0-not",1=high; 0=not,2834,2764,2.47,2,0,1,1 (1762); 0 (1002)
SES_low,numeric,"1-low, 0-not",1=low; 0=not,2834,2764,2.47,2,0,1,0 (2624); 1 (140)
SES_mid,numeric,"1-mid, 0-not",1=mid; 0=not,2834,2764,2.47,2,0,1,0 (1902); 1 (862)
SRE_1,numeric,Studentized Residual,NA,2834,1284,54.69,335,-2.629722489430571,3.105306564066321,-0.379668992063788 (41); -0.940037296193952 (30); -0.491816552920374 (28); -0.828007798283291 (22); -1.27623052007146 (21)
SRE_2,numeric,Studentized Residual,NA,2834,2113,25.44,284,-3.3274372462596564,3.3837943122174625,1.25397813002686 (90); -1.19888839293487 (51); -0.326756825538912 (40); 0.14103965062693 (37); 0.786058773533984 (37)
Ses_recode_high,numeric,"1-high, 0-not",1=high; 0=not,2834,2834,0,2,0,1,1 (2198); 0 (636)
Ses_recode_low,numeric,"1-low, 0-not",1=low; 0=not,2834,2834,0,2,0,1,0 (2268); 1 (566)
Session_Instance,numeric,EMA Session Number,NA,2834,2146,24.28,35,1,35,1 (89); 2 (88); 3 (87); 4 (87); 5 (87)
Session_Length,character,Total Session Length,NA,2834,2834,0,272,NA,NA, (725); 0:00:46 (43); 0:00:52 (36); 0:00:55 (36); 0:00:41 (34)
Session_ResponseLapse,character,delay or lag in participants' reactions to prompts,NA,2834,2834,0,486,NA,NA, (688); 0:00:05 (96); 0:00:04 (95); 0:00:03 (72); 0:00:06 (70)
WBIS_1,numeric,Weight Bias Internalization Item 1,NA,2834,2113,25.44,7,1,7,6 (431); 7 (392); 5 (382); 1 (268); 4 (235)
WBIS_2,numeric,Weight Bias Internalization Item 2,NA,2834,2113,25.44,7,1,7,7 (390); 5 (344); 6 (300); 1 (297); 2 (279)
WBIS_3,numeric,Weight Bias Internalization Item 3,NA,2834,2113,25.44,7,1,7,1 (484); 7 (315); 6 (294); 2 (286); 5 (273)
ZPR_1,numeric,Standardized Predicted Value for SC based on BE,NA,2834,1284,54.69,25,-2.055735458775007,1.2148564808843882,1.21485648088439 (255); -0.420439488945309 (84); 0.397208495969539 (78); -2.05573545877501 (61); 0.66975782427449 (58)
ZPR_2,numeric,Standardized Predicted Value for SC based on WBIS,NA,2834,2113,25.44,19,-1.5162313017070426,1.6368238979630843,1.63682389796308 (223); -1.51623130170704 (219); 0.585805498073043 (138); -0.465212901817 (134); 0.0602962981280209 (130)
ZRE_1,numeric,Standardized Residual for SC based on BE,NA,2834,1284,54.69,335,-3.641368983354115,3.014113326508985,1.66976528297075 (41); 0.341981716389534 (30); 1.40420856965451 (28); 0.607538429705777 (22); -0.454688423559196 (21)
ZRE_2,numeric,Standardized Residual for SC based on WBIS,NA,2834,2113,25.44,284,-3.3992299956071794,3.717823354683117,0.0374479457262078 (90); 0.281145413349731 (51); -0.454099221954849 (40); -0.392482816309967 (37); -0.0241684599186757 (37)
ace_1,numeric,"1- yes, 0-no",1=yes; 0=no,2834,2834,0,2,0,1,0 (1479); 1 (1355)
ace_10,numeric,"1- yes, 0-no",1=yes; 0=no,2834,2834,0,2,0,1,0 (2230); 1 (604)
ace_11,numeric,"1- yes, 0-no",1=yes; 0=no,2834,2834,0,2,0,1,0 (1818); 1 (1016)
ace_12,numeric,"1- yes, 0-no",1=yes; 0=no,2834,2834,0,2,0,1,0 (2180); 1 (654)
ace_13,numeric,"1- yes, 0-no",1=yes; 0=no,2834,2798,1.27,2,0,1,0 (2421); 1 (377)
ace_14,numeric,"1- yes, 0-no",1=yes; 0=no,2834,2797,1.31,2,0,1,0 (2431); 1 (366)
ace_15,numeric,"1- yes, 0-no",1=yes; 0=no,2834,2834,0,2,0,1,0 (1962); 1 (872)
ace_16,numeric,"1- yes, 0-no",1=yes; 0=no,2834,2799,1.24,2,0,1,0 (1990); 1 (809)
ace_17,numeric,"1- yes, 0-no",1=yes; 0=no,2834,2834,0,2,0,1,0 (2456); 1 (378)
ace_2,numeric,"1- yes, 0-no",1=yes; 0=no,2834,2834,0,2,0,1,0 (1758); 1 (1076)
ace_3,numeric,"1- yes, 0-no",1=yes; 0=no,2834,2834,0,2,0,1,0 (1721); 1 (1113)
ace_4,numeric,"1- yes, 0-no",1=yes; 0=no,2834,2834,0,2,0,1,0 (1978); 1 (856)
ace_5,numeric,"1- yes, 0-no",1=yes; 0=no,2834,2799,1.24,2,0,1,0 (2086); 1 (713)
ace_6,numeric,"1- yes, 0-no",1=yes; 0=no,2834,2799,1.24,2,0,1,0 (2240); 1 (559)
ace_7,numeric,"1- yes, 0-no",1=yes; 0=no,2834,2834,0,2,0,1,0 (1694); 1 (1140)
ace_8,numeric,"1- yes, 0-no",1=yes; 0=no,2834,2834,0,2,0,1,0 (1878); 1 (956)
ace_9,numeric,"1- yes, 0-no",1=yes; 0=no,2834,2834,0,2,0,1,0 (2179); 1 (655)
affect_Frustrat_Ang,numeric,"1- not at all, 2- a little, 3- quite a bit, 4-extremely",1=not at all; 2=a little; 3=quite a bit; 4=extremely,2834,2113,25.44,4,1,4,1 (916); 2 (582); 3 (336); 4 (279)
affect_Sad_Depressed,numeric,"1- not at all, 2- a little, 3- quite a bit, 4-extremely",1=not at all; 2=a little; 3=quite a bit; 4=extremely,2834,2113,25.44,4,1,4,1 (880); 2 (598); 3 (352); 4 (283)
affect_stress,numeric,"1- not at all, 2- a little, 3- quite a bit, 4-extremely",1=not at all; 2=a little; 3=quite a bit; 4=extremely,2834,2113,25.44,4,1,4,2 (762); 1 (631); 3 (398); 4 (322)
afternoon,numeric,"prompts 2, 3, 7, 8, 12, 13, 17, 18, 22, 23, 27, 28, 32, 33",NA,2834,878,69.02,1,2,2,2 (878)
afternoon_dummy,numeric,"1-afternoon, 0-not",1=afternoon; 0=not,2834,2834,0,2,0,1,0 (1956); 1 (878)
age,numeric,Age in years,NA,2834,2771,2.22,35,18,66,30 (267); 31 (213); 41 (210); 27 (195); 32 (171)
age_recode,numeric,"1, 18-32. 2, 33-66",18=32. 2; 33=66,2834,2771,2.22,2,1,2,1 (1446); 2 (1325)
bes_1r,numeric,"Scores were changed: 1-0, 2-1, 3-2, 4-3, 5-4, 6-5",1=0; 2=1; 3=2; 4=3; 5=4; 6=5,2834,1284,54.69,5,0,4,0 (476); 2 (254); 1 (242); 3 (172); 4 (140)
bes_2r,numeric,"Scores were changed: 1-0, 2-1, 3-2, 4-3, 5-4, 6-5-3, 5-4, 6-5",1=0; 2=1; 3=2; 4=3; 5=4; 6=5-3,2834,1284,54.69,5,0,4,0 (488); 1 (249); 2 (246); 4 (153); 3 (148)
bes_3r,numeric,"Scores were changed: 1-0, 2-1, 3-2, 4-3, 5-4, 6-5",1=0; 2=1; 3=2; 4=3; 5=4; 6=5,2834,1284,54.69,5,0,4,0 (485); 1 (267); 2 (221); 3 (179); 4 (132)
bes_4r,numeric,"Scores were changed: 1-0, 2-1, 3-2, 4-3, 5-4, 6-5",1=0; 2=1; 3=2; 4=3; 5=4; 6=5,2834,1284,54.69,5,0,4,0 (424); 1 (280); 2 (253); 3 (176); 4 (151)
bes_5r,numeric,"Scores were changed: 1-0, 2-1, 3-2, 4-3, 5-4, 6-5",1=0; 2=1; 3=2; 4=3; 5=4; 6=5,2834,1284,54.69,5,0,4,0 (428); 1 (308); 2 (220); 3 (193); 4 (135)
bes_6r,numeric,"Scores were changed: 1-0, 2-1, 3-2, 4-3, 5-4, 6-5",1=0; 2=1; 3=2; 4=3; 5=4; 6=5,2834,1284,54.69,5,0,4,0 (368); 2 (279); 3 (240); 1 (235); 4 (162)
binge_score,numeric,BES Score- This was used as a screener and participants needed to score moderate to severe,NA,2834,2834,0,19,18,46,44 (992); 19 (210); 33 (206); 25 (175); 28 (175)
by_subj_day,numeric,NA,NA,2834,2834,0,7,1,7,1 (437); 2 (433); 3 (421); 4 (414); 5 (401)
compliance_day,numeric,compliance for days,NA,2834,2834,0,25,0.7142857142857143,5,4.14285714285714 (281); 3.85714285714286 (280); 4.71428571428571 (245); 3.71428571428571 (233); 4.28571428571429 (175)
compliance_person,numeric,compliance per person,NA,2834,2834,0,25,0.14285714285714285,1,0.828571428571429 (281); 0.771428571428571 (280); 0.942857142857143 (245); 0.742857142857143 (233); 0.857142857142857 (175)
day_1_dummy,numeric,"day 1=1, else=0",NA,2834,2146,24.28,2,0,1,0 (1708); 1 (438)
day_7_dummy,numeric,"day 7=1, else=0",NA,2834,2146,24.28,2,0,1,0 (2100); 1 (46)
days_recode_1t5v6t7,numeric,"days 1-5=1, days 6-7=0",6=7=0,2834,2146,24.28,2,0,1,1 (1913); 0 (233)
dms_1,numeric,"1, 1- Not at all | 2, 2 | 3, 3 | 4, 4 | 5, 5 | 6, 6- Absolutely",6=Absolutely,2834,2834,0,6,1,6,6 (1412); 5 (519); 4 (503); 3 (202); 1 (135)
dms_10,numeric,"1, 1- Not at all | 2, 2 | 3, 3 | 4, 4 | 5, 5 | 6, 6- Absolutely",6=Absolutely,2834,2834,0,6,1,6,1 (1491); 3 (350); 2 (342); 4 (323); 6 (195)
dms_11,numeric,"1, 1- Not at all | 2, 2 | 3, 3 | 4, 4 | 5, 5 | 6, 6- Absolutely",6=Absolutely,2834,2834,0,6,1,6,6 (875); 1 (571); 4 (564); 5 (310); 3 (302)
dms_12,numeric,"1, 1- Not at all | 2, 2 | 3, 3 | 4, 4 | 5, 5 | 6, 6- Absolutely",6=Absolutely,2834,2834,0,6,1,6,1 (1302); 3 (413); 6 (371); 4 (319); 2 (228)
dms_13,numeric,"1, 1- Not at all | 2, 2 | 3, 3 | 4, 4 | 5, 5 | 6, 6- Absolutely",6=Absolutely,2834,2834,0,6,1,6,6 (909); 4 (536); 1 (516); 5 (411); 3 (300)
dms_14,numeric,"1, 1- Not at all | 2, 2 | 3, 3 | 4, 4 | 5, 5 | 6, 6- Absolutely",6=Absolutely,2834,2834,0,6,1,6,6 (1360); 4 (518); 1 (406); 3 (210); 5 (173)
dms_15,numeric,"1, 1- Not at all | 2, 2 | 3, 3 | 4, 4 | 5, 5 | 6, 6- Absolutely",6=Absolutely,2834,2834,0,6,1,6,6 (991); 1 (553); 3 (455); 4 (387); 2 (287)
dms_2,numeric,"1, 1- Not at all | 2, 2 | 3, 3 | 4, 4 | 5, 5 | 6, 6- Absolutely",6=Absolutely,2834,2801,1.16,6,1,6,1 (683); 3 (452); 6 (451); 2 (413); 5 (405)
dms_3,numeric,"1, 1- Not at all | 2, 2 | 3, 3 | 4, 4 | 5, 5 | 6, 6- Absolutely",6=Absolutely,2834,2834,0,6,1,6,1 (964); 4 (608); 6 (509); 5 (312); 3 (238)
dms_4,numeric,"1, 1- Not at all | 2, 2 | 3, 3 | 4, 4 | 5, 5 | 6, 6- Absolutely",6=Absolutely,2834,2834,0,6,1,6,1 (1025); 6 (659); 4 (392); 3 (348); 5 (235)
dms_5,numeric,"1, 1- Not at all | 2, 2 | 3, 3 | 4, 4 | 5, 5 | 6, 6- Absolutely",6=Absolutely,2834,2801,1.16,6,1,6,1 (1394); 3 (358); 5 (338); 6 (319); 4 (287)
dms_6,numeric,"1, 1- Not at all | 2, 2 | 3, 3 | 4, 4 | 5, 5 | 6, 6- Absolutely",6=Absolutely,2834,2834,0,6,1,6,1 (707); 6 (600); 3 (560); 4 (385); 5 (304)
dms_7,numeric,"1, 1- Not at all | 2, 2 | 3, 3 | 4, 4 | 5, 5 | 6, 6- Absolutely",6=Absolutely,2834,2834,0,6,1,6,6 (1284); 4 (565); 5 (331); 1 (275); 3 (247)
dms_8,numeric,"1, 1- Not at all | 2, 2 | 3, 3 | 4, 4 | 5, 5 | 6, 6- Absolutely",6=Absolutely,2834,2834,0,6,1,6,1 (1483); 6 (354); 3 (350); 4 (291); 2 (185)
dms_9,numeric,"1, 1- Not at all | 2, 2 | 3, 3 | 4, 4 | 5, 5 | 6, 6- Absolutely",6=Absolutely,2834,2834,0,6,1,6,1 (1178); 4 (426); 2 (387); 5 (327); 6 (306)
dms_r_1,numeric,reverse scored drive for muscularity items,NA,2834,2834,0,6,1,6,1 (1412); 2 (519); 3 (503); 4 (202); 6 (135)
dms_r_10,numeric,reverse scored drive for muscularity items,NA,2834,2834,0,6,1,6,6 (1491); 4 (350); 5 (342); 3 (323); 1 (195)
dms_r_11,numeric,reverse scored drive for muscularity items,NA,2834,2834,0,6,1,6,1 (875); 6 (571); 3 (564); 2 (310); 4 (302)
dms_r_12,numeric,reverse scored drive for muscularity items,NA,2834,2834,0,6,1,6,6 (1302); 4 (413); 1 (371); 3 (319); 5 (228)
dms_r_13,numeric,reverse scored drive for muscularity items,NA,2834,2834,0,6,1,6,1 (909); 3 (536); 6 (516); 2 (411); 4 (300)
dms_r_14,numeric,reverse scored drive for muscularity items,NA,2834,2834,0,6,1,6,1 (1360); 3 (518); 6 (406); 4 (210); 2 (173)
dms_r_15,numeric,reverse scored drive for muscularity items,NA,2834,2834,0,6,1,6,1 (991); 6 (553); 4 (455); 3 (387); 5 (287)
dms_r_2,numeric,reverse scored drive for muscularity items,NA,2834,2801,1.16,6,1,6,6 (683); 4 (452); 1 (451); 5 (413); 2 (405)
dms_r_3,numeric,reverse scored drive for muscularity items,NA,2834,2834,0,6,1,6,6 (964); 3 (608); 1 (509); 2 (312); 4 (238)
dms_r_4,numeric,reverse scored drive for muscularity items,NA,2834,2834,0,6,1,6,6 (1025); 1 (659); 3 (392); 4 (348); 2 (235)
dms_r_5,numeric,reverse scored drive for muscularity items,NA,2834,2801,1.16,6,1,6,6 (1394); 4 (358); 2 (338); 1 (319); 3 (287)
dms_r_6,numeric,reverse scored drive for muscularity items,NA,2834,2834,0,6,1,6,6 (707); 1 (600); 4 (560); 3 (385); 2 (304)
dms_r_7,numeric,reverse scored drive for muscularity items,NA,2834,2834,0,6,1,6,1 (1284); 3 (565); 2 (331); 6 (275); 4 (247)
dms_r_8,numeric,reverse scored drive for muscularity items,NA,2834,2834,0,6,1,6,6 (1483); 1 (354); 4 (350); 3 (291); 5 (185)
dms_r_9,numeric,reverse scored drive for muscularity items,NA,2834,2834,0,6,1,6,6 (1178); 3 (426); 5 (387); 2 (327); 1 (306)
edds5_1,numeric,"In the past 3 months... Have you felt fat? 0- Not at all; 1-1; 2- Slightly; 3-3,4- Moderately; 5-5; 6- Extremely",0=Not at all;; 1=1;; 2=Slightly;; 3=3; 4=Moderately;; 5=5;; 6=Extremely,2834,2834,0,6,0,6,6 (957); 5 (667); 4 (607); 2 (305); 0 (160)
edds5_10,numeric,"Eat until you felt uncomfortably full? 1-yes, 0-no",1=yes; 0=no,2834,2581,8.93,2,0,1,1 (2079); 0 (502)
edds5_11,numeric,"Eat large amounts of food when you didn't feel physically hungry? 1-yes, 0-no",1=yes; 0=no,2834,2616,7.69,2,0,1,1 (2182); 0 (434)
edds5_12,numeric,"Eat alone because you were embarrassed by how much you were eating? 1-yes, 0-no",1=yes; 0=no,2834,2616,7.69,2,0,1,1 (1596); 0 (1020)
edds5_13,numeric,"Feel disgusted with yourself, depressed, or very guilty after overeating? 1- yes, 0-no",1=yes; 0=no,2834,2581,8.93,2,0,1,1 (2001); 0 (580)
edds5_14,numeric,"Feel very upset about your uncontrollable overeating or resulting weight gain? 1- yes, 0-no",1=yes; 0=no,2834,2581,8.93,2,0,1,1 (2037); 0 (544)
edds5_15,numeric,"How many times per week on average over the past 3 months have you made yourself vomit to prevent weight gain or counteract the effects of eating? 0, 1, 2, 3, 4, 5, 6, 7, 8, 9, 10, 11, 12, 13, 14+",NA,2834,2834,0,15,0,14,0 (1398); 2 (250); 6 (210); 3 (176); 5 (164)
edds5_16,numeric,"How many times per week on average over the past 3 months have you used laxatives or diuretics to prevent weight gain or counteract the effects of eating?  0, 1, 2, 3, 4, 5, 6, 7, 8, 9, 10, 11, 12, 13, 14+",NA,2834,2834,0,12,0,14,0 (1294); 2 (392); 6 (206); 3 (200); 1 (152)
edds5_17,numeric,"	How many times per week on average over the past 3 months have you fasted (skipped at least 2 meals in a row) to prevent weight gain or counteract the effects of eating? 0, 1, 2, 3, 4, 5, 6, 7, 8, 9, 10, 11, 12, 13, 14+",NA,2834,2834,0,12,0,14,0 (884); 2 (450); 1 (273); 3 (255); 4 (211)
edds5_18,numeric,"How many times per week on average over the past 3 months have you engaged in excessive exercise specifically to counteract the effects of overeating episodes? 0, 1, 2, 3, 4, 5, 6, 7, 8, 9, 10, 11, 12, 13, 14+",NA,2834,2799,1.24,13,0,14,0 (797); 4 (272); 2 (263); 1 (250); 5 (250)
edds5_2,numeric,"Have you had a definite fear that you might gain weight or become fat. 0- Not at all; 1-1; 2- Slightly; 3-3,4- Moderately; 5-5; 6- Extremely",0=Not at all;; 1=1;; 2=Slightly;; 3=3; 4=Moderately;; 5=5;; 6=Extremely,2834,2834,0,7,0,6,6 (1039); 4 (678); 5 (552); 2 (240); 3 (210)
edds5_3,numeric,"Has your weight influenced how you think 0- Not at all; 1-1; 2- Slightly; 3-3,4- Moderately; 5-5; 6- Extremely",0=Not at all;; 1=1;; 2=Slightly;; 3=3; 4=Moderately;; 5=5;; 6=Extremely,2834,2834,0,7,0,6,6 (821); 4 (788); 5 (455); 2 (335); 0 (190)
edds5_4,numeric,"Has your shape influenced how you think 0- Not at all; 1-1; 2- Slightly; 3-3,4- Moderately; 5-5; 6- Extremely",0=Not at all;; 1=1;; 2=Slightly;; 3=3; 4=Moderately;; 5=5;; 6=Extremely,2834,2834,0,7,0,6,4 (765); 6 (746); 5 (490); 2 (333); 0 (227)
edds5_5,numeric,"During the past 6 months... Have there been times when you felt you have eaten what other people would regard as an unusually large amount of food (e.g., a quart of ice cream) given the circumstances? 1- yes, 0-no",1=yes; 0=no,2834,2834,0,2,0,1,1 (2442); 0 (392)
edds5_6,numeric,"During the time when you ate an unusually large amount of food, did you experience a loss of control (feel you couldn't stop eating or control what or how much you were eating? 1- yes, 0-no",1=yes; 0=no,2834,2834,0,2,0,1,1 (2113); 0 (721)
edds5_7,numeric,"How many DAYS per week on average over the past 6 MONTHS have you eaten an unusually large amount of food and experienced a loss of control? 0, 1, 2, 3, 4, 5, 6",NA,2834,2834,0,8,0,7,2 (505); 5 (491); 3 (478); 1 (475); 4 (377)
edds5_8,numeric,"How many TIMES per week on average over the past 3 MONTHS have you eaten an unusually large amount of food and experienced a loss of control? 0, 1, 2, 3, 4, 5, 6, 7, 8, 9, 10, 11, 12, 13, 14+",NA,2834,2834,0,14,0,14,1 (405); 3 (378); 2 (339); 0 (218); 10 (208)
edds5_9,numeric,"During these episodes of overeating and loss of control did you... Eat much more rapidly than normal? 1-yes, 0-no",1=yes; 0=no,2834,2616,7.69,2,0,1,1 (1668); 0 (948)
ethnicity,numeric,"0-hispanic/latino, 1- not hispanic latino",0=hispanic/latino; 1=not hispanic latino,2834,2704,4.59,2,0,1,1 (2529); 0 (175)
evening,numeric,"prompts 4, 5, 9, 10, 14, 15, 19, 20, 24, 25, 29, 30, 34, 35",NA,2834,803,71.67,1,3,3,3 (803)
gender,numeric,"1, Male | 2, Female | 3, Non-binary/Third Gender | 4, Prefer not to answer | 5, Prefer to Self-Describe",NA,2834,2799,1.24,1,1,1,1 (2799)
height_inches,numeric,height in inches,NA,2834,2834,0,23,50,78,60 (738); 70 (447); 65 (187); 73 (175); 66 (173)
log_BE,numeric,Log Transformed Binge Eating,NA,2834,1284,54.69,25,0,0.6989700043360189,0 (255); 0.477121254719662 (84); 0.301029995663981 (78); 0.698970004336019 (61); 0.221848749616356 (58)
mean_BE,numeric,Mean BE Score,NA,2834,1284,54.69,25,1,5,1 (255); 3 (84); 2 (78); 5 (61); 1.66666666666667 (58)
mean_BE_recode,numeric,"Scores were changed: 1-0, 2-1, 3-2, 4-3, 5-4, 6-5",1=0; 2=1; 3=2; 4=3; 5=4; 6=5,2834,1284,54.69,25,0,4,0 (255); 2 (84); 1 (78); 4 (61); 0.666666666666667 (58)
mean_SC,numeric,mean sc with item 3,NA,2834,2128,24.91,28,1,5,3 (416); 3.33333333333333 (191); 3.16666666666667 (161); 3.66666666666667 (148); 2.66666666666667 (144)
mean_SC_update,numeric,this is the mean SC score with item 3 removed,NA,2834,2128,24.91,25,1,5,2.8 (265); 3 (230); 2.6 (223); 3.2 (205); 3.4 (168)
mean_SC_updateagg,numeric,NA,NA,2834,2834,0,81,1.9942857142857133,4.946666666666667,2.6 (70); 2.8 (70); 3.41538461538462 (70); 3.2 (58); 4.10454545454546 (37)
mean_WBIS,numeric,Mean WBIS Score,NA,2834,2113,25.44,19,1,7,1 (223); 7 (219); 3 (138); 5 (134); 4 (130)
mean_WBIS_transformed,numeric,WBIS transformed score,NA,2834,2834,0,20,-1.9145578562095102,1.7400616420626425,0 (721); -1.91455785620951 (223); 1.74006164206264 (219); -0.69635135678546 (138); 0.521855142638591 (134)
mean_negaff,numeric,"Scores were changed: 1-0, 2-1, 3-2, 4-3, 5-4, 6-5",1=0; 2=1; 3=2; 4=3; 5=4; 6=5,2834,2113,25.44,10,1,4,1 (501); 2 (304); 1.33333333333333 (286); 1.66666666666667 (201); 4 (185)
mean_perceivedstress,numeric,"Scores were changed: 1-0, 2-1, 3-2, 4-3, 5-4, 6-5",1=0; 2=1; 3=2; 4=3; 5=4; 6=5,2834,2112,25.48,7,1,4,4 (528); 3 (469); 2 (457); 2.5 (286); 1 (142)
morning,numeric,"prompts 1, 6, 11, 16, 21, 26, 31",NA,2834,465,83.59,1,1,1,1 (465)
morning_dummy,numeric,"1-morning, 0-not",1=morning; 0=not,2834,2834,0,2,0,1,0 (2369); 1 (465)
natlog_BE,numeric,Natural Log Transformed Binge Eating,NA,2834,1284,54.69,25,0,1.6094379124341003,0 (255); 1.09861228866811 (84); 0.693147180559945 (78); 1.6094379124341 (61); 0.510825623765991 (58)
night_dummy,numeric,"1-night, 0-not",1=night; 0=not,2834,2834,0,2,0,1,0 (2031); 1 (803)
prompt_afternoon_t3,numeric,3rd prompt of the day,NA,2834,2834,0,2,0,1,0 (2402); 1 (432)
prompt_eve_t4,numeric,4th prompt of the day,NA,2834,2834,0,2,0,1,0 (2425); 1 (409)
prompt_lateeve_t5,numeric,5th prompt of the day,NA,2834,2834,0,2,0,1,0 (2440); 1 (394)
prompt_midmorn_t2,numeric,2nd prompt of the day,NA,2834,2834,0,2,0,1,0 (2388); 1 (446)
prompt_morning_t1,numeric,1st prompt of the day,NA,2834,2834,0,2,0,1,0 (2369); 1 (465)
prompt_time_of_day,numeric,Time of the day prompt was sent,NA,2834,2146,24.28,3,1,3,2 (878); 3 (803); 1 (465)
prompt_time_of_day_new,numeric,Updated time of day variable,NA,2834,2146,24.28,5,1,5,1 (465); 2 (446); 3 (432); 4 (409); 5 (394)
qidssr_app_dec,numeric,"0, 0-There is no change from my usual appetite. | 1, 1-I eat somewhat less often or lesser amounts of food than usual. | 2, 2-I eat much less than usual and only with personal effort. | 3, 3-I rarely eat within a 24-hour period, and only with extreme pers",0=There is no change from my usual appetite. | 1; 1=I eat somewhat less often or lesser amounts of food than usual. | 2; 2=I eat much less than usual and only with personal effort. | 3; 3=I rarely eat within a,2834,2308,18.56,4,0,3,0 (1374); 2 (553); 1 (241); 3 (140)
qidssr_app_inc,numeric,"0, 0-There is no change from my usual appetite. | 1, 1-I feel a need to eat more frequently than usual. | 2, 2-I regularly eat more often and/or greater amounts of food than usual. | 3, 3-I feel driven to overeat both at mealtime and between meals.",0=There is no change from my usual appetite. | 1; 1=I feel a need to eat more frequently than usual. | 2; 2=I regularly eat more often and/or greater amounts of food than usual. | 3; 3=I feel driven to overeat both at mealtime and between meals.,2834,2344,17.29,4,0,3,0 (874); 1 (807); 2 (363); 3 (300)
qidssr_conc,numeric,"0, 0-There is no change in my usual capacity to concentrate or make decisions. | 1, 1-I occasionally feel indecisive or find that my attention wanders. | 2, 2-Most of the time, I struggle to focus my attention or to make decisions. | 3, 3-I cannot concent",0=There is no change in my usual capacity to concentrate or make decisions. | 1; 1=I occasionally feel indecisive or find that my attention wanders. | 2; 3=I cannot concent,2834,2834,0,4,0,3,0 (1176); 2 (785); 1 (740); 3 (133)
qidssr_energy,numeric,"0, 0-There is no change in my usual level of energy. | 1, 1-I get tired more easily than usual. | 2, 2-I have to make a big effort to start or finish my usual daily activities (for example, shopping, homework, cooking, or going to work). | 3, 3-I really c",0=There is no change in my usual level of energy. | 1; 1=I get tired more easily than usual. | 2; 3=I really c,2834,2834,0,4,0,3,1 (1123); 0 (870); 2 (647); 3 (194)
qidssr_involve,numeric,"0, 0-There is no change from usual in how interested I am in other people or activities. | 1, 1-I notice that I am less interested in people or activities. | 2, 2-I find I have interest in only one or two of my formerly pursued activities. | 3, 3-I have v",0=There is no change from usual in how interested I am in other people or activities. | 1; 1=I notice that I am less interested in people or activities. | 2; 2=I find I have interest in only one or two of my formerly pursued activities. | 3; 3=I have v,2834,2834,0,4,0,3,0 (1379); 1 (867); 2 (448); 3 (140)
qidssr_mood,numeric,"0, 0-I do not feel sad. | 1, 1-I feel sad less than half the time. | 2, 2-I feel sad more than half the time. | 3, 3-I feel sad nearly all of the time.",0=I do not feel sad. | 1; 1=I feel sad less than half the time. | 2; 2=I feel sad more than half the time. | 3; 3=I feel sad nearly all of the time.,2834,2834,0,4,0,3,1 (1307); 2 (857); 0 (457); 3 (213)
qidssr_motor_agit,numeric,"0, 0-I do not feel restless. | 1, 1-I'm often fidgety, wringing my hands, or need to shift how I am sitting. | 2, 2-I have impulses to move about and am quite restless. | 3, 3-At times, I am unable to stay seated and need to pace around.",0=I do not feel restless. | 1; 2=I have impulses to move about and am quite restless. | 3,2834,2834,0,4,0,3,0 (1290); 1 (869); 2 (437); 3 (238)
qidssr_motor_slow,numeric,"0, 0-I think, speak, and move at my usual rate of speed. | 1, 1-I find that my thinking is slowed down or my voice sounds dull or flat. | 2, 2-It takes me several seconds to respond to most questions and I'm sure my thinking is slowed. | 3, 3-I am often u",1=I find that my thinking is slowed down or my voice sounds dull or flat. | 2; 2=It takes me several seconds to respond to most questions and I'm sure my thinking is slowed. | 3; 3=I am often u,2834,2834,0,4,0,3,0 (1692); 1 (661); 2 (360); 3 (121)
qidssr_outlook,numeric,"0, 0-I see myself as equally worthwhile and deserving as other people. | 1, 1-I am more self-blaming than usual. | 2, 2-I largely believe that I cause problems for others. | 3, 3-I think almost constantly about major and minor defects in myself.",0=I see myself as equally worthwhile and deserving as other people. | 1; 1=I am more self-blaming than usual. | 2; 2=I largely believe that I cause problems for others. | 3; 3=I think almost constantly about major and minor defects in myself.,2834,2834,0,4,0,3,0 (1243); 1 (834); 2 (406); 3 (351)
qidssr_sleep_hyper,numeric,"0, 0-I sleep no longer than 7-8 hours/night, without napping during the day. | 1, 1-I sleep no longer than 10 hours in a 24-hour period including naps. | 2, 2-I sleep no longer than 12 hours in a 24-hour period  including naps. | 3, 3-I sleep longer than",0=I sleep no longer than; 1=I sleep no longer than 10 hours in a; 24=hour period including naps. | 2; 2=I sleep no longer than 12 hours in a; 3=I sleep longer than,2834,2799,1.24,4,0,3,0 (1484); 1 (767); 2 (380); 3 (168)
qidssr_sleep_morn,numeric,"0, 0-Most of the time, I awaken no more than 30 minutes before I need to get up. | 1, 1-More than half the time, I awaken more than 30 minutes before I need to get up. | 2, 2-I almost always awaken at least one hour or so before I need to, but I go back t",NA,2834,2834,0,4,0,3,0 (981); 1 (842); 2 (639); 3 (372)
qidssr_sleep_noct,numeric,"0, 0-I do not wake up at night. | 1, 1-I have a restless, light sleep with a few brief awakenings each night. | 2, 2-I wake up at least once a night, but I go back to sleep easily. | 3, 3-I awaken more than once a night and stay awake for 20 minutes or mo",0=I do not wake up at night. | 1; 3=I awaken more than once a night and stay awake for 20 minutes or mo,2834,2834,0,4,0,3,2 (1635); 3 (656); 1 (418); 0 (125)
qidssr_sleep_onset,numeric,"0, 0-I never take longer than 30 minutes to fall asleep. | 1, 1-I take at least 30 minutes to fall asleep, less than half the time. | 2, 2-I take at least 30 minutes to fall asleep, more than half the time. | 3, 3-I take more than 60 minutes to fall aslee",0=I never take longer than 30 minutes to fall asleep. | 1; 3=I take more than 60 minutes to fall aslee,2834,2834,0,4,0,3,1 (933); 0 (816); 2 (667); 3 (418)
qidssr_suicide,numeric,"0, 0-I do not think of suicide or death. | 1, 1-I feel that life is empty or wonder if it's worth living. | 2, 2-I think of suicide or death several times a week for several minutes. | 3, 3-I think of suicide or death several times a day in some detail, o",0=I do not think of suicide or death. | 1; 1=I feel that life is empty or wonder if it's worth living. | 2; 2=I think of suicide or death several times a week for several minutes. | 3,2834,2834,0,4,0,3,0 (1860); 1 (418); 2 (353); 3 (203)
qidssr_weight_dec,numeric,"0, 0-I have not had a change in my weight. | 1, 1-I feel as if I have had a slight weight loss. | 2, 2-I have lost 2 pounds or more. | 3, 3-I have lost 5 pounds or more.",0=I have not had a change in my weight. | 1; 1=I feel as if I have had a slight weight loss. | 2; 2=I have lost 2 pounds or more. | 3; 3=I have lost 5 pounds or more.,2834,2344,17.29,4,0,3,0 (888); 1 (677); 2 (443); 3 (336)
qidssr_weight_inc,numeric,"0, 0-I have not had a change in my weight. | 1, 1-I feel as if I have had a slight weight gain. | 2, 2-I have gained 2 pounds or more. | 3, 3-I have gained 5 pounds or more.",0=I have not had a change in my weight. | 1; 1=I feel as if I have had a slight weight gain. | 2; 2=I have gained 2 pounds or more. | 3; 3=I have gained 5 pounds or more.,2834,2082,26.53,4,0,3,1 (882); 0 (736); 3 (273); 2 (191)
race,numeric,"0, American Indian/Alaska Native | 1, Asian | 2, Native Hawaiian or Other Pacific Islander | 3, Black or African American | 4, White | 5, More Than One Race | 6, Unknown / Not Reported",NA,2834,2674,5.65,6,0,5,4 (1270); 3 (1196); 0 (103); 1 (35); 2 (35)
race_black,numeric,"black-1, other-0",NA,2834,2834,0,2,0,1,0 (1638); 1 (1196)
race_other,numeric,"other-1, blackwhite-0",NA,2834,2674,5.65,2,0,1,0 (2466); 1 (208)
race_recode,numeric,"1-white, 2-black, 3- other",1=white; 2=black; 3=other,2834,2674,5.65,3,1,3,1 (1270); 2 (1196); 3 (208)
race_white,numeric,"white-1, other-0",NA,2834,2834,0,2,0,1,0 (1564); 1 (1270)
scs_sf_1,numeric,"1, 1 almost never | 2, 2 | 3, 3 | 4, 4 | 5, 5 almost always",NA,2834,2834,0,5,1,5,5 (1093); 3 (623); 4 (621); 2 (372); 1 (125)
scs_sf_10,numeric,"1, 1 almost never | 2, 2 | 3, 3 | 4, 4 | 5, 5 almost always",NA,2834,2834,0,5,1,5,2 (819); 3 (684); 5 (575); 4 (476); 1 (280)
scs_sf_11,numeric,"1, 1 almost never | 2, 2 | 3, 3 | 4, 4 | 5, 5 almost always",NA,2834,2799,1.24,5,1,5,5 (893); 3 (840); 4 (679); 2 (267); 1 (120)
scs_sf_12,numeric,"1, 1 almost never | 2, 2 | 3, 3 | 4, 4 | 5, 5 almost always",NA,2834,2834,0,5,1,5,3 (924); 2 (714); 5 (674); 4 (445); 1 (77)
scs_sf_2,numeric,"1, 1 almost never | 2, 2 | 3, 3 | 4, 4 | 5, 5 almost always",NA,2834,2834,0,5,1,5,4 (814); 3 (800); 5 (590); 2 (455); 1 (175)
scs_sf_3,numeric,"1, 1 almost never | 2, 2 | 3, 3 | 4, 4 | 5, 5 almost always",NA,2834,2834,0,5,1,5,4 (993); 3 (806); 5 (720); 2 (280); 1 (35)
scs_sf_4,numeric,"1, 1 almost never | 2, 2 | 3, 3 | 4, 4 | 5, 5 almost always",NA,2834,2834,0,5,1,5,5 (886); 4 (790); 3 (464); 2 (407); 1 (287)
scs_sf_5,numeric,"1, 1 almost never | 2, 2 | 3, 3 | 4, 4 | 5, 5 almost always",NA,2834,2834,0,5,1,5,4 (909); 5 (711); 3 (689); 2 (455); 1 (70)
scs_sf_6,numeric,"1, 1 almost never | 2, 2 | 3, 3 | 4, 4 | 5, 5 almost always",NA,2834,2799,1.24,5,1,5,5 (769); 3 (701); 4 (558); 1 (454); 2 (317)
scs_sf_7,numeric,"1, 1 almost never | 2, 2 | 3, 3 | 4, 4 | 5, 5 almost always",NA,2834,2834,0,5,1,5,4 (822); 5 (805); 3 (777); 2 (220); 1 (210)
scs_sf_8,numeric,"1, 1 almost never | 2, 2 | 3, 3 | 4, 4 | 5, 5 almost always",NA,2834,2834,0,5,1,5,5 (1028); 4 (844); 3 (539); 2 (233); 1 (190)
scs_sf_9,numeric,"1, 1 almost never | 2, 2 | 3, 3 | 4, 4 | 5, 5 almost always",NA,2834,2798,1.27,5,1,5,4 (978); 3 (806); 5 (731); 2 (171); 1 (112)
service_apptnumber,numeric,1- yes 0-no,1=yes; 0=no,2834,2008,29.15,2,0,1,1 (1751); 0 (257)
service_quality,numeric,"1, Extremely dissatisfied | 2, Dissatisfied | 3, Neither satisfied nor dissatisfied | 4, Satisfied | 5, Extremely Satisfied",NA,2834,2008,29.15,5,1,5,4 (896); 5 (844); 3 (198); 1 (35); 2 (35)
service_type,numeric,"1, I receive weight management services at Profile by Sanford | 2, I receive weight management services at KU | 3, I do not receive weight management services",NA,2834,2799,1.24,3,1,3,1 (2194); 3 (570); 2 (35)
ses,numeric,"1, Under 20,000 | 2, $20,001-40,000 | 3, $40,001-60,000 | 4, $60,001-80,000 | 5, 80,001-100,000 | 6, 100,001 or greater | 7, prefer not to say",NA,2834,2834,0,7,1,7,5 (997); 6 (765); 4 (436); 3 (426); 1 (70)
ses_recode,numeric,"1-low, 2-mid, 3-high",1=low; 2=mid; 3=high,2834,2764,2.47,3,1,3,3 (1762); 2 (862); 1 (140)
sexual_orientation,numeric,"1, Heterosexual or straight | 2, Gay | 3, Lesbian | 4, Bisexual | 5, Not listed above (please specify)",NA,2834,2834,0,2,1,2,1 (2799); 2 (35)
sqroot_BE,numeric,Square Root Transformed Binge Eating,NA,2834,1284,54.69,25,1,2.23606797749979,1 (255); 1.73205080756888 (84); 1.4142135623731 (78); 2.23606797749979 (61); 1.29099444873581 (58)
sre_1sq,numeric,NA,NA,2834,1284,54.69,335,9.12804739108561e-6,9.642928856833379,0.144148543534733 (41); 0.883670118235635 (30); 0.241883521726479 (28); 0.685596914017944 (22); 1.62876434036186 (21)
sre_2sq,numeric,NA,NA,2834,2113,25.44,284,2.6783823751644127e-6,11.45006394739525,1.57246115058566 (90); 1.43733337871395 (51); 0.106770023036267 (40); 0.0198921830489664 (37); 0.617888395449751 (37)
stai_t_1,numeric,"State-Trait Anxiety Inventory - TRAIT scale. I feel pleasant: 1, Almost Never | 2, Sometimes | 3, Often | 4, Almost Always",NA,2834,2834,0,4,1,4,2 (1259); 3 (987); 4 (438); 1 (150)
stai_t_10,numeric,"I am happy: 1, Almost Never | 2, Sometimes | 3, Often | 4, Almost Always",NA,2834,2799,1.24,4,1,4,2 (1261); 3 (974); 4 (501); 1 (63)
stai_t_11,numeric,"I have disturbing thoughts: 1, Almost Never | 2, Sometimes | 3, Often | 4, Almost Always",NA,2834,2834,0,4,1,4,2 (1097); 1 (968); 3 (526); 4 (243)
stai_t_12,numeric,"I lack self-confidence: 1, Almost Never | 2, Sometimes | 3, Often | 4, Almost Always",NA,2834,2834,0,4,1,4,2 (1386); 1 (670); 3 (558); 4 (220)
stai_t_13,numeric,"I feel secure: 1, Almost Never | 2, Sometimes | 3, Often | 4, Almost Always",NA,2834,2766,2.4,4,1,4,2 (1123); 3 (740); 4 (550); 1 (353)
stai_t_14,numeric,"I make decisions easily: 1, Almost Never | 2, Sometimes | 3, Often | 4, Almost Always",NA,2834,2834,0,4,1,4,3 (1064); 2 (993); 4 (507); 1 (270)
stai_t_15,numeric,"I feel inadequate: 1, Almost Never | 2, Sometimes | 3, Often | 4, Almost Always",NA,2834,2799,1.24,4,1,4,2 (1584); 3 (522); 1 (518); 4 (175)
stai_t_16,numeric,"I am content: 1, Almost Never | 2, Sometimes | 3, Often | 4, Almost Always",NA,2834,2834,0,4,1,4,2 (1149); 3 (753); 4 (553); 1 (379)
stai_t_17,numeric,"Some unimportant thought runs through my mind and it bothers me: 1, Almost Never | 2, Sometimes | 3, Often | 4, Almost Always",NA,2834,2834,0,4,1,4,2 (1278); 3 (719); 1 (499); 4 (338)
stai_t_18,numeric,"I take disappointments so keenly that I can't put them out of my mind: 1, Almost Never | 2, Sometimes | 3, Often | 4, Almost Always",NA,2834,2834,0,4,1,4,2 (1091); 3 (973); 1 (427); 4 (343)
stai_t_19,numeric,"I am a steady person: 1, Almost Never | 2, Sometimes | 3, Often | 4, Almost Always",NA,2834,2834,0,4,1,4,3 (1297); 2 (1080); 4 (422); 1 (35)
stai_t_2,numeric,"I feel nervous and restless: 1, Almost Never | 2, Sometimes | 3, Often | 4, Almost Always",NA,2834,2834,0,4,1,4,2 (1548); 3 (752); 1 (324); 4 (210)
stai_t_20,numeric,"I get in a state of tension or turmoil as I think over my recent concerns and interests: 1, Almost Never | 2, Sometimes | 3, Often | 4, Almost Always",NA,2834,2834,0,4,1,4,2 (1351); 3 (616); 1 (457); 4 (410)
stai_t_3,numeric,"I feel satisfied with myself: 1, Almost Never | 2, Sometimes | 3, Often | 4, Almost Always",NA,2834,2834,0,4,1,4,2 (1293); 3 (916); 4 (343); 1 (282)
stai_t_4,numeric,"I wish I could be as happy as others seem to be: 1, Almost Never | 2, Sometimes | 3, Often | 4, Almost Always",NA,2834,2834,0,4,1,4,2 (832); 3 (797); 4 (778); 1 (427)
stai_t_5,numeric,"I feel like a failure: 1, Almost Never | 2, Sometimes | 3, Often | 4, Almost Always",NA,2834,2834,0,4,1,4,2 (1379); 1 (900); 3 (394); 4 (161)
stai_t_6,numeric,"I feel rested: 1, Almost Never | 2, Sometimes | 3, Often | 4, Almost Always",NA,2834,2799,1.24,4,1,4,2 (1711); 3 (557); 4 (288); 1 (243)
stai_t_7,numeric,"I am ""calm, cool, and collected"": 1, Almost Never | 2, Sometimes | 3, Often | 4, Almost Always",NA,2834,2799,1.24,4,1,4,2 (1200); 3 (792); 4 (632); 1 (175)
stai_t_8,numeric,"I feel that difficulties are piling up so that I cannot overcome them: 1, Almost Never | 2, Sometimes | 3, Often | 4, Almost Always",NA,2834,2834,0,4,1,4,2 (1495); 1 (558); 3 (541); 4 (240)
stai_t_9,numeric,"I worry too much over something that really doesn't matter: 1, Almost Never | 2, Sometimes | 3, Often | 4, Almost Always",NA,2834,2834,0,4,1,4,2 (1350); 3 (611); 1 (492); 4 (381)
total_ACES,numeric,total adverse childhood experiences score,NA,2834,2834,0,17,0,17,0 (928); 1 (348); 6 (243); 9 (176); 10 (167)
total_DMS,numeric,reverse scored drive for muscularity items,NA,2834,2834,0,47,15,90,46 (140); 72 (132); 45 (123); 37 (106); 57 (105)
total_dms_final,numeric,total drive for muscularity score,NA,2834,2801,1.16,47,15,90,59 (140); 33 (132); 60 (123); 68 (106); 38 (105)
user_id,numeric,Life Data ID,NA,2834,2834,0,85,84990,87872,87050 (37); 86918 (36); 84990 (35); 85054 (35); 85055 (35)
weight_lbs,numeric,weight in pounds,NA,2834,2834,0,53,79,490,150 (557); 200 (136); 205 (105); 260 (105); 159 (71)
weightchangestatus,numeric,"1, I've not lost weight in the last year | 2, I've gained weight in the last year | 3, I've lost between 0-4% of my starting body weight in the last year | 4, I've lost 5-10% of my starting body weight in the last year | 5, I've lost 11% or greater of my",NA,2834,2229,21.35,5,1,5,4 (636); 2 (565); 3 (513); 5 (385); 1 (130)
